Student,What student information do you need to plan the lesson?,What information would you ask of the other fifth-grade teachers?,What supports would you provide to collaboratively write a report about ecosystems?,How would you ensure all students are engaged in the lesson?,How would you assess the assignment?,How would you assess students' understanding of each of the objectives?
Maria Rodriguez,Prior exposure to ecosystem concepts and preferences for collaborative projects.,Effective strategies for integrating students with diverse language skills.,Customized vocabulary lists and structured sentence frames.,Incorporating interactive simulations and visual aids tailored to their interests.,By reviewing their ability to synthesize information and communicate findings effectively.,Through oral presentations and small group discussions.
Blaine,Understanding their proficiency levels and familiarity with academic writing.,Suggestions for maintaining engagement in group activities.,Grammar workshops and hands-on research sessions.,Using project-based learning and regular feedback loops.,Assessing content accuracy and coherence in their arguments.,Using reflective essays and peer reviews.
Robert,Identifying their strengths in research methodologies and teamwork.,Feedback on prior successful collaborative projects.,Interactive workshops focusing on grammar and research skills.,Providing differentiated tasks and opportunities for leadership roles.,By evaluating originality and the application of theoretical frameworks.,Through structured debates and collaborative problem-solving tasks.
Jeff,Awareness of their interests in environmental science and practical activities.,Recommendations for group dynamics and collaboration techniques.,Academic support with real-world examples and collaborative tools.,Designing experiments and encouraging peer-to-peer teaching moments.,Analyzing their ability to connect concepts with real-world applications.,Using multimedia presentations and Q&A sessions.
Brandon,Gathering information on their learning styles and technical skills.,Best practices for integrating technology in collaborative projects.,Guided sessions on using digital tools and academic writing conventions.,Encouraging self-directed learning with checkpoints for group reviews.,Evaluating creativity and the depth of their ecosystem analysis.,Through interactive quizzes and peer evaluations.
Daryll,"Understanding their prior research experience, theoretical preferences, and current academic goals.",Insights on interdisciplinary strategies and effective collaborative practices.,"Academic language scaffolds, grammar workshops, and targeted content knowledge sessions.",Implementing differentiated tasks aligned with individual learning preferences and fostering active participation through group discussions.,"Evaluating the depth of analysis, alignment with scientific frameworks, and clarity of written communication.","Using a combination of reflective essays, presentations, and peer feedback to evaluate comprehension and application."
Trish,"Understanding their prior research experience, theoretical preferences, and current academic goals.",Insights on interdisciplinary strategies and effective collaborative practices.,"Academic language scaffolds, grammar workshops, and targeted content knowledge sessions.",Implementing differentiated tasks aligned with individual learning preferences and fostering active participation through group discussions.,"Evaluating the depth of analysis, alignment with scientific frameworks, and clarity of written communication.","Using a combination of reflective essays, presentations, and peer feedback to evaluate comprehension and application."
Joe,"Understanding their prior research experience, theoretical preferences, and current academic goals.",Insights on interdisciplinary strategies and effective collaborative practices.,"Academic language scaffolds, grammar workshops, and targeted content knowledge sessions.",Implementing differentiated tasks aligned with individual learning preferences and fostering active participation through group discussions.,"Evaluating the depth of analysis, alignment with scientific frameworks, and clarity of written communication.","Using a combination of reflective essays, presentations, and peer feedback to evaluate comprehension and application."
Joseph,"Understanding their prior research experience, theoretical preferences, and current academic goals.",Insights on interdisciplinary strategies and effective collaborative practices.,"Academic language scaffolds, grammar workshops, and targeted content knowledge sessions.",Implementing differentiated tasks aligned with individual learning preferences and fostering active participation through group discussions.,"Evaluating the depth of analysis, alignment with scientific frameworks, and clarity of written communication.","Using a combination of reflective essays, presentations, and peer feedback to evaluate comprehension and application."
Joey,"Understanding their prior research experience, theoretical preferences, and current academic goals.",Insights on interdisciplinary strategies and effective collaborative practices.,"Academic language scaffolds, grammar workshops, and targeted content knowledge sessions.",Implementing differentiated tasks aligned with individual learning preferences and fostering active participation through group discussions.,"Evaluating the depth of analysis, alignment with scientific frameworks, and clarity of written communication.","Using a combination of reflective essays, presentations, and peer feedback to evaluate comprehension and application."
Josephine,"Understanding their prior research experience, theoretical preferences, and current academic goals.",Insights on interdisciplinary strategies and effective collaborative practices.,"Academic language scaffolds, grammar workshops, and targeted content knowledge sessions.",Implementing differentiated tasks aligned with individual learning preferences and fostering active participation through group discussions.,"Evaluating the depth of analysis, alignment with scientific frameworks, and clarity of written communication.","Using a combination of reflective essays, presentations, and peer feedback to evaluate comprehension and application."
Mary,"Understanding their prior research experience, theoretical preferences, and current academic goals.",Insights on interdisciplinary strategies and effective collaborative practices.,"Academic language scaffolds, grammar workshops, and targeted content knowledge sessions.",Implementing differentiated tasks aligned with individual learning preferences and fostering active participation through group discussions.,"Evaluating the depth of analysis, alignment with scientific frameworks, and clarity of written communication.","Using a combination of reflective essays, presentations, and peer feedback to evaluate comprehension and application."
Mariana,"Understanding their prior research experience, theoretical preferences, and current academic goals.",Insights on interdisciplinary strategies and effective collaborative practices.,"Academic language scaffolds, grammar workshops, and targeted content knowledge sessions.",Implementing differentiated tasks aligned with individual learning preferences and fostering active participation through group discussions.,"Evaluating the depth of analysis, alignment with scientific frameworks, and clarity of written communication.","Using a combination of reflective essays, presentations, and peer feedback to evaluate comprehension and application."
Luke,"Understanding their prior research experience, theoretical preferences, and current academic goals.",Insights on interdisciplinary strategies and effective collaborative practices.,"Academic language scaffolds, grammar workshops, and targeted content knowledge sessions.",Implementing differentiated tasks aligned with individual learning preferences and fostering active participation through group discussions.,"Evaluating the depth of analysis, alignment with scientific frameworks, and clarity of written communication.","Using a combination of reflective essays, presentations, and peer feedback to evaluate comprehension and application."
Lucas,"Understanding their prior research experience, theoretical preferences, and current academic goals.",Insights on interdisciplinary strategies and effective collaborative practices.,"Academic language scaffolds, grammar workshops, and targeted content knowledge sessions.",Implementing differentiated tasks aligned with individual learning preferences and fostering active participation through group discussions.,"Evaluating the depth of analysis, alignment with scientific frameworks, and clarity of written communication.","Using a combination of reflective essays, presentations, and peer feedback to evaluate comprehension and application."
Lukas,"Understanding their prior research experience, theoretical preferences, and current academic goals.",Insights on interdisciplinary strategies and effective collaborative practices.,"Academic language scaffolds, grammar workshops, and targeted content knowledge sessions.",Implementing differentiated tasks aligned with individual learning preferences and fostering active participation through group discussions.,"Evaluating the depth of analysis, alignment with scientific frameworks, and clarity of written communication.","Using a combination of reflective essays, presentations, and peer feedback to evaluate comprehension and application."
Lookas,"Understanding their prior research experience, theoretical preferences, and current academic goals.",Insights on interdisciplinary strategies and effective collaborative practices.,"Academic language scaffolds, grammar workshops, and targeted content knowledge sessions.",Implementing differentiated tasks aligned with individual learning preferences and fostering active participation through group discussions.,"Evaluating the depth of analysis, alignment with scientific frameworks, and clarity of written communication.","Using a combination of reflective essays, presentations, and peer feedback to evaluate comprehension and application."
Lucaso,"Understanding their prior research experience, theoretical preferences, and current academic goals.",Insights on interdisciplinary strategies and effective collaborative practices.,"Academic language scaffolds, grammar workshops, and targeted content knowledge sessions.",Implementing differentiated tasks aligned with individual learning preferences and fostering active participation through group discussions.,"Evaluating the depth of analysis, alignment with scientific frameworks, and clarity of written communication.","Using a combination of reflective essays, presentations, and peer feedback to evaluate comprehension and application."
Picaso,"Understanding their prior research experience, theoretical preferences, and current academic goals.",Insights on interdisciplinary strategies and effective collaborative practices.,"Academic language scaffolds, grammar workshops, and targeted content knowledge sessions.",Implementing differentiated tasks aligned with individual learning preferences and fostering active participation through group discussions.,"Evaluating the depth of analysis, alignment with scientific frameworks, and clarity of written communication.","Using a combination of reflective essays, presentations, and peer feedback to evaluate comprehension and application."